MEROPS_code,MEROPS_name,Respiratory system,Lung,Gastrointestinal tract
S09.982,liver carboxylesterase,1,1,1
I04.006,serpin B1,1,1,1
S33.984,protein phosphatase methylesterase 1,1,1,1
C19.001,ubiquitin-specific peptidase 5,1,1,0
I43.UPW,family I43 unassigned peptidase inhibitors,1,1,1
I43.UPW,family I43 unassigned peptidase inhibitors,1,1,1
I43.UPW,family I43 unassigned peptidase inhibitors,1,1,1
I43.UPW,family I43 unassigned peptidase inhibitors,1,1,1
I43.UPW,family I43 unassigned peptidase inhibitors,1,1,0
I43.UPW,family I43 unassigned peptidase inhibitors,1,1,0
I43.UPW,family I43 unassigned peptidase inhibitors,1,1,0
I43.UPW,family I43 unassigned peptidase inhibitors,1,1,1
I43.UPW,family I43 unassigned peptidase inhibitors,1,1,1
I43.UPW,family I43 unassigned peptidase inhibitors,1,1,1
I43.UPW,family I43 unassigned peptidase inhibitors,1,1,1
I43.UPW,family I43 unassigned peptidase inhibitors,1,1,1
I43.UPW,family I43 unassigned peptidase inhibitors,1,1,1
I43.UPW,family I43 unassigned peptidase inhibitors,1,1,1
I43.UPW,family I43 unassigned peptidase inhibitors,1,0,1
I43.UPW,family I43 unassigned peptidase inhibitors,1,1,1
I43.UPW,family I43 unassigned peptidase inhibitors,1,0,1
I43.UPW,family I43 unassigned peptidase inhibitors,1,1,1
I43.UPW,family I43 unassigned peptidase inhibitors,1,0,0
I43.UPW,family I43 unassigned peptidase inhibitors,1,1,0
I43.UPW,family I43 unassigned peptidase inhibitors,1,1,0
I43.UPW,family I43 unassigned peptidase inhibitors,1,0,1
I43.UPW,family I43 unassigned peptidase inhibitors,1,1,1
I43.UPW,family I43 unassigned peptidase inhibitors,0,0,1
I43.UPW,family I43 unassigned peptidase inhibitors,0,1,1
I43.UPW,family I43 unassigned peptidase inhibitors,1,0,1
I43.UPW,family I43 unassigned peptidase inhibitors,0,1,1
I43.UPW,family I43 unassigned peptidase inhibitors,1,1,1
I43.UPW,family I43 unassigned peptidase inhibitors,1,0,1
I43.UPW,family I43 unassigned peptidase inhibitors,1,1,1
I43.UPW,family I43 unassigned peptidase inhibitors,1,0,1
I43.UPW,family I43 unassigned peptidase inhibitors,1,1,1
I43.UPW,family I43 unassigned peptidase inhibitors,1,0,1
I43.UPW,family I43 unassigned peptidase inhibitors,1,1,1
I43.UPW,family I43 unassigned peptidase inhibitors,1,1,1
S59.001,nucleoporin 145,1,1,0
C19.011,ubiquitin-specific peptidase 8,1,1,1
M67.A10,F37A4.5 protein ({Caenorhabditis elegans}),1,1,1
C26.952,dihydro-orotase (N-terminal unit) ({Homo sapiens}-type),1,1,1
M38.972,dihydro-orotase,1,1,1
C64.006,VCIP135 deubiquitinating peptidase,1,1,0
C19.022,ubiquitin-specific peptidase 15,1,1,1
I32.005,survivin,1,1,1
M24.973,proliferation-association protein 1,1,1,1
P02.010,latrophilin-1,1,1,1
S08.077,PCSK7 peptidase,1,1,0
I01.UPW,family I1 unassigned peptidase inhibitors,1,1,1
I01.UPW,family I1 unassigned peptidase inhibitors,1,1,1
I01.UPW,family I1 unassigned peptidase inhibitors,1,1,1
I01.UPW,family I1 unassigned peptidase inhibitors,1,1,1
I01.UPW,family I1 unassigned peptidase inhibitors,1,1,1
I01.UPW,family I1 unassigned peptidase inhibitors,1,1,1
I01.UPW,family I1 unassigned peptidase inhibitors,1,1,1
I01.UPW,family I1 unassigned peptidase inhibitors,1,0,1
I01.UPW,family I1 unassigned peptidase inhibitors,0,1,1
I04.979,pigment epithelium derived factor,1,1,1
M12.219,ADAMDEC1 peptidase,1,1,1
C46.002,Sonic hedgehog protein,1,1,0
I04.954,corticosteroid-binding globulin,1,1,0
C14.005,caspase-6,1,1,1
C14.004,caspase-7,1,1,1
M01.004,leukotriene A4 hydrolase,1,1,1
M02.001,angiotensin-converting enzyme peptidase unit 1,1,1,1
M02.004,angiotensin-converting enzyme peptidase unit 2,1,1,1
S33.988,Mername-AA229 peptidase homologue,1,1,1
T01.974,proteasome subunit alpha 7,1,1,1
M54.002,aminopeptidase AMZ2,1,1,1
I08.950,von Willebrand factor,1,1,1
I08.954,von Willebrand factor inhibitor unit 2,1,1,1
C65.002,otubain-2,1,1,0
C12.003,ubiquitinyl hydrolase-L3,1,1,1
C12.005,ubiquitinyl hydrolase-L5,1,1,1
M17.001,leucyl aminopeptidase 3,1,1,1
M67.971,Mername-AA168 protein,1,1,1
I93.UPW,family I93 unassigned peptidase inhibitors,1,1,1
I93.UPW,family I93 unassigned peptidase inhibitors,1,1,1
I93.UPW,family I93 unassigned peptidase inhibitors,1,1,1
I93.UPW,family I93 unassigned peptidase inhibitors,1,1,1
I93.UPW,family I93 unassigned peptidase inhibitors,1,0,1
I93.UPW,family I93 unassigned peptidase inhibitors,1,0,1
C69.004,secernin 2,1,1,1
I04.020,plasminogen activator inhibitor-1,1,1,1
C19.060,ubiquitin-specific peptidase 30,1,1,1
M10.015,membrane-type matrix metallopeptidase-2,1,1,0
M01.014,aminopeptidase B,1,1,1
S09.942,esterase/lipase ({Homo sapiens}),1,1,1
S10.003,vitellogenic carboxypeptidase-like protein,1,1,0
M14.006,carboxypeptidase M,1,1,1
C54.005,autophagin-4,1,1,1
S01.976,hepatocyte growth factor,1,1,1
S01.232,t-plasminogen activator,1,1,1
I17.002,elafin,1,1,1
I93.002,Crescent protein ({Xenopus} sp.),1,1,1
I93.002,Crescent protein ({Xenopus} sp.),1,1,1
I93.002,Crescent protein ({Xenopus} sp.),1,1,0
I93.002,Crescent protein ({Xenopus} sp.),1,0,1
I93.002,Crescent protein ({Xenopus} sp.),1,0,1
I93.002,Crescent protein ({Xenopus} sp.),1,0,1
I02.033,WFIKKN peptidase inhibitor inhibitor unit 3,1,1,1
I02.953,WFIKKN peptidase inhibitor inhibitor unit 2,1,1,1
I17.951,WFIKKN peptidase inhibitor inhibitor unit 1,1,1,1
M14.955,inactive carboxypeptidase-like protein X2 ({Homo sapiens}),1,1,0
M01.028,aminopeptidase O,1,1,1
S33.976,Williams-Beuren syndrome critical region protein 21 epoxide hydrolase,1,1,1
I27.001,calpastatin inhibitor unit 1,1,1,1
I27.003,calpastatin inhibitor unit 3,1,1,1
M03.001,thimet oligopeptidase,1,1,1
I02.016,amyloid precursor-like protein 2,1,1,1
C19.034,ubiquitin-specific peptidase 21,1,1,1
M16.009,eupitrilysin,1,1,1
X44.001,25 kDa subunit of mammalian signal peptidase complex,1,1,1
M24.026,aminopeptidase P3,1,1,1
C85.005,ALG13 g.p. ({Homo sapiens}),1,1,1
M02.006,angiotensin-converting enzyme-2,1,1,1
C46.003,Indian hedgehog protein,1,1,1
M24.974,FACT complex subunit SPT16,1,1,1
T02.002,isoaspartyl dipeptidase (threonine type),1,1,1
M28.010,glutamate carboxypeptidase II,1,1,1
C01.018,cathepsin F,1,1,1
S33.973,cytosolic epoxide hydrolase,1,1,1
S01.530,protein FAM111A,1,1,1
S60.001,lactoferrin,1,1,1
S60.970,"lactotransferrin precursor, domain 2",1,1,1
M12.209,ADAM9 peptidase,1,1,1
S71.001,MUC1 self-cleaving mucin,1,1,1
M10.013,matrix metallopeptidase-13,1,1,0
I63.UPW,family I63 unassigned peptidase inhibitors,1,1,1
I63.UPW,family I63 unassigned peptidase inhibitors,1,1,1
I63.UPW,family I63 unassigned peptidase inhibitors,1,1,1
I63.UPW,family I63 unassigned peptidase inhibitors,1,1,1
I63.UPW,family I63 unassigned peptidase inhibitors,1,1,1
I63.UPW,family I63 unassigned peptidase inhibitors,1,1,1
I63.UPW,family I63 unassigned peptidase inhibitors,1,1,0
I63.UPW,family I63 unassigned peptidase inhibitors,1,1,0
I63.UPW,family I63 unassigned peptidase inhibitors,1,1,1
I63.UPW,family I63 unassigned peptidase inhibitors,1,1,1
I63.UPW,family I63 unassigned peptidase inhibitors,0,0,1
I63.UPW,family I63 unassigned peptidase inhibitors,1,0,1
I63.UPW,family I63 unassigned peptidase inhibitors,0,1,1
I63.UPW,family I63 unassigned peptidase inhibitors,0,1,1
I63.UPW,family I63 unassigned peptidase inhibitors,1,1,1
S01.015,tryptase beta,1,1,1
S01.143,tryptase alpha,1,1,1
M76.001,Atp23 peptidase (animal-type),1,1,0
A01.004,BACE1 g.p. ({Homo sapiens}),1,1,1
S54.009,PARL peptidase,1,1,1
S33.983,Ccg1-interacting factor b,1,1,1
T01.973,proteasome subunit alpha 4,1,1,1
T01.011,proteasome subunit beta2c,1,1,1
T01.017,protein serine kinase c17,1,1,1
A01.046,napsin A,1,1,0
C01.040,cathepsin H,1,1,1
S28.001,lysosomal Pro-Xaa carboxypeptidase,1,1,1
S01.231,urokinase-type plasminogen activator,1,1,1
M24.005,aminopeptidase P2,1,1,1
P02.022,GPR110 G-protein coupled receptor,1,1,1
P02.026,KPG_009 protein,1,1,1
G04.001,Tiki1 peptidase,1,1,1
S08.071,furin,1,1,1
I01.977,KIAA1263 protein,1,1,1
I01.977,KIAA1263 protein,1,1,1
I31.UPW,family I31 unassigned peptidase inhibitors,1,1,1
I31.UPW,family I31 unassigned peptidase inhibitors,1,1,1
I31.UPW,family I31 unassigned peptidase inhibitors,1,1,1
I31.UPW,family I31 unassigned peptidase inhibitors,1,1,1
I31.UPW,family I31 unassigned peptidase inhibitors,1,1,1
I31.UPW,family I31 unassigned peptidase inhibitors,1,0,1
T01.972,proteasome subunit alpha 2,1,1,1
M16.974,ubiquinol-cytochrome c reductase core protein II,1,1,1
C56.002,DJ-1 putative peptidase,1,1,1
I51.002,phosphatidylethanolamine-binding protein,1,1,1
C12.001,ubiquitinyl hydrolase-L1,1,1,1
S33.997,monoacylglycerol lipase ABHD6,1,1,0
I02.974,LOC222978 protein ({Homo sapiens}) and similar,1,1,1
M38.974,dihydropyrimidinase related protein-1,1,1,1
C26.966,CTP synthase 2,1,1,1
S01.286,Tysnd1 peptidase,1,1,1
S09.988,"neuroligin 4, X-linked",1,1,1
T03.006,gamma-glutamyltransferase 1 (mammalian-type),1,1,1
T03.016,gamma-glutamyltransferase-like protein 4,1,1,0
M87.003,chloride channel accessory protein 2,1,1,0
T01.986,proteasome subunit beta 1,1,1,1
M28.974,glutaminyl cyclase,1,1,1
C01.084,bleomycin hydrolase (animal),1,1,1
C02.031,calpain 15 ({Homo sapiens}),1,1,1
C19.080,ubiquitin-specific peptidase 54,1,1,1
M38.978,dihydropyrimidinase related protein-5,1,1,1
C69.005,secernin 3,1,1,1
I01.980,Spock2 protein,1,1,0
I31.007,testican 3,1,1,0
S08.073,PCSK2 peptidase,1,1,1
S01.131,elastase-2,1,1,0
M10.002,matrix metallopeptidase-8,1,1,0
M12.237,ADAMTS12 peptidase,1,1,1
M12.024,ADAMTS14 peptidase,1,1,1
M12.226,ADAMTS8 peptidase,1,1,1
M01.008,pyroglutamyl-peptidase II,1,1,0
C111.006,protein-glutamine gamma-glutamyltransferase 6,1,1,1
I51.UPW,family I51 unassigned peptidase inhibitors,1,1,1
I51.UPW,family I51 unassigned peptidase inhibitors,1,1,1
I51.UPW,family I51 unassigned peptidase inhibitors,1,1,1
I51.UPW,family I51 unassigned peptidase inhibitors,1,1,1
S01.029,kallikrein-related peptidase 14,1,1,0
P02.023,GPR97 protein,1,1,0
I01.037,RECK protein inhibitor unit 1,1,1,1
M14.010,carboxypeptidase A3,1,1,1
M67.973,26S proteasome non-ATPase regulatory subunit 7,1,1,1
M01.010,cytosol alanyl aminopeptidase,1,1,1
M10.014,membrane-type matrix metallopeptidase-1,1,1,1
I04.008,squamous cell carcinoma antigen 1,1,1,0
I100.001,stanniocalcin-1,1,1,1
M10.005,matrix metallopeptidase-3,1,1,1
M67.005,histone H2A deubiquitinase MYSM1,1,1,1
C64.003,A20 peptidase,1,1,1
X40.001,LIV-1 breast cancer protein,1,1,1
A28.003,DNA-damage inducible protein 2,1,1,1
T01.975,proteasome subunit alpha 5,1,1,1
S01.033,factor VII-activating peptidase,1,0,1
M13.002,endothelin-converting enzyme 1,1,1,1
I39.006,antigen CD109,1,0,1
M24.017,methionyl aminopeptidase 1 (eukaryote),1,1,1
S01.994,PRSS35 protein,1,1,1
S01.531,protein FAM111B,1,0,1
C115.001,MINDY-1 protein,1,0,1
S01.132,mannan-binding lectin-associated serine peptidase-3,1,0,0
S01.198,mannan-binding lectin-associated serine peptidase 1,1,0,0
S09.019,dipeptidyl-peptidase 9,1,1,1
C01.975,tubulointerstitial nephritis antigen-related protein,1,1,1
C56.974,Mername-AA296 non-peptidase homologue,1,1,1
M01.972,Tata binding protein associated factor,1,0,1
C13.005,glycosylphosphatidylinositol:protein transamidase,1,0,1
A28.A10,nuclear receptor interacting protein 2,1,0,1
S08.072,PCSK1 peptidase,1,1,1
C19.067,ubiquitin-specific peptidase 34,0,0,1
C85.001,OTUD5 peptidase ({Homo sapiens}),1,1,1
S09.052,Mername-AA194 putative peptidase,0,0,1
X36.001,Y33K hypothetical protein,1,1,1
P02.002,CD97 antigen (human type),1,1,1
C19.055,ubiquitin-specific peptidase 47,1,1,1
C85.P01,hin1L g.p. ({Homo sapiens}),1,0,1
I25.020,alpha-2-HS-glycoprotein inhibitor unit 1,0,0,1
I25.021,alpha-2-HS-glycoprotein inhibitor unit 2,0,0,1
I04.001,alpha-1-peptidase inhibitor,1,1,1
S01.196,complement factor Bb,1,1,1
S01.196,complement factor Bb,1,1,1
S01.212,plasma kallikrein,0,0,1
S01.218,protein C (activated),0,0,1
S09.980,cholinesterase,0,0,1
I04.003,kallistatin,0,0,1
S01.194,complement component C2a,1,1,1
M01.001,aminopeptidase N,0,0,1
C01.032,cathepsin L,1,1,1
I29.001,cathepsin L propeptide,1,1,1
S09.003,dipeptidyl-peptidase IV (eukaryote),1,0,1
T01.014,proteasome subunit beta2i,1,1,1
C14.010,caspase-9,1,1,1
C14.971,FLIP protein,1,1,1
C65.001,otubain-1,1,1,1
I17.001,secretory leukocyte peptidase inhibitor domain 2,1,1,1
I17.001,secretory leukocyte peptidase inhibitor domain 2,1,1,1
I17.950,secretory leukocyte peptidase inhibitor domain 1,1,1,1
A01.003,gastricsin,1,1,1
T03.002,gamma-glutamyltransferase 5 (mammalian-type),0,0,1
M12.004,meprin beta subunit,0,0,1
C26.951,carbamoyl-phosphate synthase ({Homo sapiens}-type),0,0,1
C48.002,SENP1 peptidase,0,0,1
S01.236,kallikrein-related peptidase 6,0,0,1
M100.001,spartan peptidase,0,0,1
A22.002,presenilin 2,0,0,1
M20.005,carnosine dipeptidase II,1,1,1
M08.003,leishmanolysin-2,0,0,1
I103.001,shugoshin-2 ({Homo sapiens}),1,0,1
S09.025,lysophospholipase II ({Homo sapiens}),0,0,1
S01.191,complement factor D,1,0,1
S33.972,mesoderm specific transcript protein,1,1,1
C01.013,cathepsin X,1,1,1
S09.984,carboxylesterase 2,1,1,1
S54.002,rhomboid-like protein 2,1,1,1
M14.005,carboxypeptidase E,1,1,1
C19.056,ubiquitin-specific peptidase 38,0,0,1
S01.159,prostasin,1,1,1
I17.UPW,family I17 unassigned peptidase inhibitors,0,0,1
I08.952,mucin 6,0,0,1
I08.955,mucin 6 ({Homo sapiens}),0,0,1
I01.969,tomoregulin,0,1,1
I01.978,Tmeff2 protein,0,1,1
I02.007,hepatocyte growth factor activator inhibitor 1 inhibitor unit 1,1,0,1
I02.008,hepatocyte growth factor activator inhibitor 1 inhibitor unit 2,1,0,1
I04.980,maspin,1,1,1
M16.971,mitochondrial processing peptidase non-peptidase alpha subunit,1,1,1
M16.P01,LOC133083 g.p. ({Homo sapiens}),1,1,1
I63.002,bothrojaracin,0,0,1
I63.002,bothrojaracin,1,1,1
P02.016,Gpr114 protein,1,1,1
I17.004,chelonianin inhibitor unit 2,1,0,1
I17.UNW,family I17 unassigned peptidase inhibitor homologues,0,0,1
I17.UNW,family I17 unassigned peptidase inhibitor homologues,1,0,1
M28.975,glutamate carboxypeptidase II ({Homo sapiens})-type non-peptidase homologue,1,1,1
S09.943,acyl-CoA thioesterase 4 ({Homo sapiens}),1,1,1
A01.001,pepsin A,0,0,1
A01.070,pepsin A4,0,0,1
A01.071,pepsin A5 ({Homo sapiens}),0,0,1
M10.008,matrix metallopeptidase-7,0,1,1
M19.001,membrane dipeptidase,1,1,1
M38.973,dihydropyrimidinase,1,0,1
M02.M01,UNK,0,0,1
M28.016,Mername-AA103 peptidase,1,1,1
C02.006,calpain-9,1,1,1
S01.156,enteropeptidase,1,0,1
M28.011,NAALADASE L peptidase,1,1,1
S09.991,arylacetamide deacetylase,1,1,1
M87.001,chloride channel accessory protein 1,0,0,1
M12.002,meprin alpha subunit,0,0,1
C02.020,calpain-13,1,0,1
S09.958,hypothetical protein flj40219,0,1,1
M38.981,guanine deaminase,0,0,1
M12.225,ADAMTS5 peptidase,1,1,1
M87.002,chloride channel accessory protein 4,0,0,1
S09.994,neuroligin 1,1,0,1
A01.007,renin,1,0,1
C14.008,caspase-5,1,1,1
T01.010,proteasome subunit beta1c,1,1,1
C19.035,ubiquitin-specific peptidase 22,1,1,1
C78.003,ZUP1 g.p. ({Homo sapiens}),1,0,1
A01.041,BACE2 g.p. ({Homo sapiens}),1,0,1
M38.976,dihydropyrimidinase related protein-3,1,1,1
M38.975,dihydropyrimidinase related protein-2,1,1,1
T01.984,proteasome subunit beta 2,1,1,1
S09.990,esterase D,1,1,1
M16.973,ubiquinol-cytochrome c reductase core protein I,1,1,1
M16.981,ubiquinol-cytochrome c reductase core protein domain 2,1,1,1
M38.980,probable imidazolonepropionase,0,0,1
S26.009,signalase (animal) 18 kDa component,1,1,1
C19.068,ubiquitin-specific peptidase 48,1,1,1
C01.060,cathepsin B,1,1,1
T02.004,taspase-1,1,0,1
C111.002,transglutaminase 2,1,1,1
S01.127,cationic trypsin ({Homo sapiens}-type),0,0,1
A01.010,cathepsin E,0,1,1
C15.010,pyroglutamyl-peptidase I (chordate),1,1,1
I31.952,insulin-like growth factor binding protein 3,1,1,1
I31.952,insulin-like growth factor binding protein 3,1,1,1
I31.952,insulin-like growth factor binding protein 3,1,1,1
C01.070,dipeptidyl-peptidase I,1,1,1
M24.002,methionyl aminopeptidase 2,1,1,1
C19.010,ubiquitin-specific peptidase 4,1,1,1
C44.974,asparagine synthetase,1,1,1
C19.972,ubiquitin-specific endopeptidase 39 [misleading],1,1,1
C44.970,glutamine-fructose-6-phosphate transaminase 1,1,1,1
C19.042,ubiquitin-specific peptidase 36,1,1,1
T01.977,proteasome subunit alpha 3,1,1,1
C02.002,calpain-2,1,1,1
M16.005,nardilysin,1,1,1
M16.983,nardilysin unit 2,1,1,1
M16.987,nardilysin unit 3,1,1,1
M67.972,COP9 signalosome subunit 6,1,1,1
T01.015,proteasome subunit beta5i,1,1,1
S10.013,SCPEP1 peptidase,1,1,1
I31.953,insulin-like growth factor binding protein 2,0,0,1
S09.004,acylaminoacyl-peptidase,1,1,1
A22.003,impas 1 peptidase,1,1,1
C02.018,calpain-10,1,1,1
C19.017,ubiquitin-specific peptidase 9X,1,1,1
C54.003,autophagin-1,1,1,1
S08.063,site-1 peptidase,1,1,1
A22.001,presenilin 1,1,1,1
S53.003,tripeptidyl-peptidase I,1,1,1
M41.026,YME1L1 g.p. ({Homo sapiens}) and similar,1,1,1
S33.017,PLN02872 protein ({Homo sapiens}-type),1,1,1
S72.001,dystroglycan,1,1,1
C19.018,ubiquitin-specific peptidase 10,1,1,1
C19.019,ubiquitin-specific peptidase 1,1,1,1
S01.972,haptoglobin-1,1,1,1
S10.002,serine carboxypeptidase A,1,1,1
M12.215,ADAM15 peptidase,1,1,1
T01.012,proteasome subunit beta5c,1,1,1
M24.007,Xaa-Pro dipeptidase (eukaryote-type),1,1,1
C89.001,acid ceramidase precursor,1,1,1
I35.003,timp-3,1,1,1
C13.004,"legumain, animal-type",1,1,1
I04.035,colligin 1,1,1,1
I04.036,colligin 2,1,1,1
I35.002,timp-2,1,1,1
I04.024,C1 inhibitor,1,1,1
I04.UPW,family I4 unassigned peptidase inhibitors,1,1,1
S01.247,epitheliasin,0,1,1
M67.006,STAMBP isopeptidase,1,0,1
C86.004,JosD1 peptidase,1,1,1
S74.003,myelin regulatory factor,1,0,1
S01.302,matriptase,1,1,1
C48.008,SENP5 peptidase,0,0,1
C02.971,calpamodulin,1,0,1
M13.001,neprilysin,0,1,1
C111.001,coagulation factor XIIIa,1,0,1
C12.004,ubiquitinyl hydrolase-BAP1,1,1,1
I39.001,alpha-2-macroglobulin,1,1,1
A28.001,DNA-damage inducible protein 1,1,1,1
C02.001,calpain-1,1,1,1
T01.971,proteasome subunit alpha 6,1,1,1
M28.972,transferrin receptor protein,1,1,1
C19.016,ubiquitin-specific peptidase 7,1,1,1
S54.955,rhomboid domain containing 2,1,1,1
S28.002,dipeptidyl-peptidase II,1,1,1
C19.014,ubiquitin-specific peptidase 11,1,1,1
A01.009,cathepsin D,1,1,1
I02.015,protease nexin-2,1,1,1
I25.004,cystatin C,1,1,1
I31.002,MHC II invariant chain p41 form,1,1,1
M10.003,matrix metallopeptidase-2,1,1,1
T01.987,proteasome subunit beta 4,1,1,1
S01.193,complement component activated C1s,1,1,1
M67.002,Csn5 peptidase,1,1,1
M18.002,aspartyl aminopeptidase,1,1,1
I02.968,collagen alpha 3(VI) chain,1,1,1
I39.952,complement component C5,1,0,1
I31.950,thyroglobulin,0,0,1
S09.978,thyroglobulin precursor,0,0,1
C01.036,cathepsin K,1,1,1
I29.007,cathepsin K propeptide,1,1,1
C01.034,cathepsin S,1,1,1
I29.004,cathepsin S propeptide,1,1,1
S16.002,PIM1 peptidase,1,1,1
I35.001,timp-1,1,1,1
I01.967,follistatin-related protein 1,1,1,1
I04.021,protease nexin-1,1,1,1
I01.011,SPINK1,0,0,1
I39.950,complement component C3,1,1,1
M14.002,carboxypeptidase A2,0,0,1
I01.970,SPINK4 protein,0,0,1
I01.972,organic anion transporter polypeptide-related,0,0,1
I25.003,cystatin B,1,1,1
C97.002,desumoylating isopeptidase 2,1,1,1
C19.015,ubiquitin-specific peptidase 14,1,1,1
S33.971,epoxide hydrolase,1,1,0
M12.222,ADAMTS1 peptidase,1,1,0
C14.007,caspase-4,1,1,1
I02.011,tissue factor pathway inhibitor-1 inhibitor unit 1,1,1,1
I02.012,tissue factor pathway inhibitor-1 inhibitor unit 2,1,1,1
I02.950,tissue factor pathway inhibitor-1 unit 3,1,1,1
I04.007,plasminogen activator inhibitor 2,1,1,0
I02.013,tissue factor pathway inhibitor-2 inhibitor unit 1,1,1,0
I02.014,tissue factor pathway inhibitor-2 inhibitor unit 2,1,1,0
I02.951,tissue factor pathway inhibitor-2 unit 3,1,1,0
S08.A56,SPAP8A3.12c g.p. ({Schizosaccharomyces pombe}),1,1,1
M10.001,matrix metallopeptidase-1,1,1,0
S14.003,peptidase Clp (type 3),1,1,1
M12.224,ADAM28 peptidase ({Homo sapiens}-type),1,1,1
I25.001,cystatin A,1,1,1
C19.037,ubiquitin-specific peptidase 33,1,1,1
C19.048,ubiquitin-specific peptidase 42,1,0,0
C19.026,ubiquitin-specific peptidase 3,1,0,0
C48.004,SENP6 peptidase,1,1,1
S01.199,complement factor I,1,0,1
M14.011,metallocarboxypeptidase D peptidase unit 1,1,1,1
M14.016,metallocarboxypeptidase D peptidase unit 2,1,1,1
M14.950,metallocarboxypeptidase D non-peptidase unit,1,1,1
M01.018,endoplasmic reticulum aminopeptidase 1,1,1,1
S09.015,PREPL A protein,1,1,1
I39.003,pregnancy-zone protein,1,1,0
M03.006,mitochondrial intermediate peptidase,1,1,1
M12.245,ovastacin,1,1,1
I01.057,esophagus cancer-related gene-2,0,1,1
S09.993,hormone-sensitive lipase,1,0,1
S09.939,lysophosphatidylserine lipase ABHD12,0,0,1
P02.041,adhesion G protein-coupled receptor B1,0,0,1
S33.979,monoglyceride lipase,1,1,1
C02.029,calpain ({Plasmodium}-type),0,0,1
I04.972,E130113E03Rik protein ({Mus musculus}) and similar,0,0,1
M12.232,ADAM30 peptidase,0,0,1
S01.237,neurotrypsin,0,0,1
S09.941,highly similar to acyl-protein thioesterase 1 ({Homo sapiens}),1,1,1
S33.012,Loc328574-like protein,0,0,1
M12.230,ADAMTS6 peptidase,0,0,1
S09.989,"neuroligin 4, Y-linked",0,1,1
I49.001,proSAAS,0,0,1
M24.009,aminopeptidase P1,1,1,1
S01.252,prosemin,0,0,1
M10.022,matrix metallopeptidase-23B,0,0,1
S01.174,mesotrypsin,0,0,1
I21.001,secretogranin V,1,0,1
I01.054,SPINK9,0,0,1
S08.076,PCSK5 peptidase,0,1,1
S09.B13,hCG1647005,1,0,1
M12.960,ADAM32 protein,1,0,1
S09.055,Mername-AA197 putative peptidase,0,0,1
I02.971,WFDC8 protein ({Homo sapiens}),0,0,1
T02.001,glycosylasparaginase precursor,1,1,1
S09.992,KIAA1363-like protein,1,1,1
S33.982,valacyclovir hydrolase,1,1,1
S33.975,1-acylglycerol-3-phosphate O-acyltransferase ABHD5,1,1,1
I04.023,plasmin inhibitor,1,0,1
S01.075,tryptase-6,1,0,1
C14.003,caspase-3,1,1,1
S01.047,human airway trypsin-like peptidase,0,0,1
S01.313,spinesin,1,0,1
G04.002,Tiki2 peptidase,1,1,1
M10.029,matrix metallopeptidase-26,1,0,1
S01.078,ovochymase-1 domain 1,1,0,1
S01.322,ovochymase 1 domain 1,1,0,1
C85.007,YOD1 peptidase,0,1,1
C48.011,SENP8 peptidase,1,1,1
M12.021,ADAMTS9 peptidase,1,1,1
M38.977,dihydropyrimidinase related protein-4,1,1,1
M03.002,neurolysin,1,1,1
C19.047,ubiquitin-specific peptidase 24,1,1,1
I25.065,cystatin 9 ({Homo sapiens}),0,0,1
I25.UPB,subfamily I25B unassigned peptidase inhibitors,0,0,1
C02.011,calpain-5,0,0,1
P02.042,adhesion G protein-coupled receptor F4,1,0,1
S01.079,"transmembrane peptidase, serine 3",1,0,1
C46.004,Desert hedgehog protein,1,0,1
C54.002,autophagin-2,1,0,1
S09.960,hypothetical protein flj33678,1,1,1
I04.011,serpin B6,1,1,1
C121.001,MINDY-4 peptidase,0,0,1
M12.025,ADAMTS15 peptidase,1,0,1
P02.027,brain angiogenesis inhibitor 3,1,1,1
C67.001,CylD peptidase,1,1,1
S54.008,rhomboid-like protein 5,1,1,1
I32.001,BIRC-1 protein,1,1,1
P02.008,GPR56 ({Homo sapiens})-type protein,1,0,1
M13.090,Kell blood-group peptidase,1,0,1
S01.299,PRSS55 g.p. ({Homo sapiens}),1,0,1
C98.001,USPL1 peptidase,0,1,1
M13.091,PHEX peptidase,0,0,1
I35.004,timp-4,0,1,1
S01.414,polyserase-2 unit 1,0,0,1
S01.940,polyserase-2 unit 2,0,0,1
S01.941,polyserase-2 unit 3,0,0,1
I31.006,testican-1,0,0,1
S09.959,hypothetical protein flj37464,1,1,1
P02.011,latrophilin 3,1,0,1
C48.007,SENP2 peptidase,1,1,1
M28.012,glutamate carboxypeptidase III,1,0,1
M12.978,ADAM22 protein,0,0,1
P02.020,GPR128 ({Homo sapiens})-type G-protein coupled receptor,0,0,1
M12.208,ADAM8 peptidase,1,1,1
S33.011,epoxide hydrolase-like putative peptidase,1,1,1
M13.008,neprilysin-2,0,0,1
T01.016,proteasome subunit beta5t,0,0,1
S01.321,"transmembrane peptidase, serine 11F",0,1,1
S09.944,acyl-coenzyme A thioesterase 6 ({Homo sapiens}),0,0,1
I02.954,WFIKKNRP putative peptidase inhibitor unit 2,1,1,1
I02.955,WFIKKNRP putative peptidase inhibitor unit 3,1,1,1
I17.952,WFIKKNRP putative peptidase inhibitor unit 1,1,1,1
C01.009,cathepsin V,1,0,1
I29.010,cathepsin V propeptide,1,0,1
C44.001,amidophosphoribosyltransferase precursor,1,1,1
S09.007,fibroblast activation protein alpha subunit,1,0,1
M49.001,dipeptidyl-peptidase III,1,1,1
S26.002,mitochondrial inner membrane peptidase 1,1,1,1
S01.215,coagulation factor VIIa,0,0,1
S01.278,HtrA2 peptidase,0,0,1
C89.002,N-acylethanolamine acid amidase precursor,1,1,1
M01.024,ERAP2 aminopeptidase,1,1,1
S01.325,epidermis-specific SP-like putative peptidase,0,1,1
C01.035,cathepsin O,1,1,1
M12.005,procollagen C-peptidase,1,1,1
S60.973,melanotransferrin domain 1,1,1,1
S60.976,melanotransferrin domain 2,1,1,1
C14.009,caspase-8,1,1,1
C14.011,caspase-10,1,1,1
C02.017,calpain-12,1,0,1
M01.003,aminopeptidase A,1,1,1
P02.018,GPR125 ({Homo sapiens})-type protein,1,1,1
M01.011,cystinyl aminopeptidase,1,1,1
C19.976,ubiquitin-specific peptidase 43 [misleading],0,0,1
S54.953,iRhom2,0,0,1
S33.013,abhydrolase domain-containing protein 4,0,0,1
S71.002,MUC3 self-cleaving mucin,1,0,1
I32.003,BIRC-3 protein,1,0,1
I32.003,BIRC-3 protein,1,1,1
I32.007,BIRC-7 protein,1,0,1
I32.007,BIRC-7 protein,1,1,1
I32.UPW,family I32 unassigned peptidase inhibitors,1,0,1
I32.UPW,family I32 unassigned peptidase inhibitors,1,1,1
S09.A50,acyl-coenzyme A amino acid N-acyltransferase 2,0,0,1
P02.009,latrophilin 2,0,0,1
S01.135,granzyme A,1,0,1
M67.974,eukaryotic translation initiation factor 3 subunit F,0,1,1
M19.002,membrane-bound dipeptidase-2,1,1,1
C78.001,UfSP1 peptidase,0,0,1
C19.064,ubiquitin-specific peptidase 45,1,1,1
C85.008,OTU2 peptidase ({Saccharomyces cerevisiae}-type),1,0,1
S68.001,PIDD auto-processing protein unit 1,1,1,1
S68.002,PIDD auto-processing protein unit 2,1,1,1
C48.003,SENP3 peptidase,1,1,1
I25.007,cystatin F,0,0,1
C02.021,calpain-14,0,0,1
C101.001,OTULIN peptidase,1,0,1
M10.024,membrane-type matrix metallopeptidase-6,0,0,1
M14.004,carboxypeptidase N,0,0,1
X28.001,carboxypeptidase N 83 kDa chain,0,0,1
S01.074,marapsin,1,0,1
I63.UNW,family I63 unassigned peptidase inhibitor homologues,1,1,1
I63.UNW,family I63 unassigned peptidase inhibitor homologues,0,1,1
S33.981,hypothetical protein,1,1,1
C19.009,ubiquitin-specific peptidase 6,1,1,1
C19.044,ubiquitin-specific peptidase 32,1,1,1
S08.075,PCSK6 peptidase,1,0,1
M16.002,insulysin,1,1,1
M16.982,insulysin unit 2,1,1,1
M16.984,insulysin unit 3,1,1,1
S01.969,polyserase-1A unit 3,0,0,1
S09.065,protein bat5,1,0,1
P02.017,GPR126 vascular inducible G protein-coupled receptor,0,0,1
I25.027,cystatin-related epididymal spermatogenic protein,0,0,1
M10.016,membrane-type matrix metallopeptidase-3,1,1,1
S01.365,TMPRSS11B peptidase,1,0,1
S01.028,tryptase gamma 1,0,0,1
C111.950,erythrocyte membrane protein band 4.2,0,0,1
C19.023,ubiquitin-specific peptidase 17,0,0,1
C19.078,USP17-like peptidase,0,0,1
C19.A82,USP17L11,0,0,1
C19.A89,USP17L12,0,0,1
C19.A90,USP17L13,0,0,1
C19.A91,USP17L15,0,0,1
C19.A92,USP17L17,0,0,1
C19.A93,USP17L18,0,0,1
C19.A94,USP17L19,0,0,1
C19.A83,USP17L2,0,0,1
C19.A95,USP17L20,0,0,1
C19.A96,USP17L21,0,0,1
C19.A97,USP17L22,0,0,1
C19.A86,USP17L5,0,0,1
C19.054,ubiquitin-specific peptidase 28,1,1,1
M14.020,carboxypeptidase A5,1,0,1
C02.007,calpain-8,1,0,1
C44.972,glutamine:fructose-6-phosphate amidotransferase,0,0,1
S01.224,hepsin,1,1,1
M67.011,MPN domain-containing protein ({Homo sapiens}),1,1,1
I08.953,mucin 5B,1,0,1
M12.028,ADAMTS18 peptidase,1,0,1
S01.971,azurocidin,0,0,1
A22.007,signal peptide peptidase-like protein 2A,1,1,1
T03.024,gamma-glutamyltransferase 6,1,1,1
M14.026,cytosolic carboxypeptidase 3,1,0,1
I47.001,latexin,1,1,1
P02.001,EGF-like module containing mucin-like hormone receptor-like 2,1,1,1
I01.015,SPINK6,1,0,1
C19.081,ubiquitin-specific peptidase 53,0,0,1
S09.987,neuroligin 3,0,0,1
C26.001,gamma-glutamyl hydrolase,1,1,1
I04.009,squamous cell carcinoma antigen 2,1,0,0
C85.003,OTUD3 peptidase ({Homo sapiens}),1,1,1
I27.004,calpastatin inhibitor unit 4,1,1,1
P02.021,GPR133 ({Homo sapiens})-type protein,1,0,0
S33.978,hypothetical protein flj22408 (epoxide hydrolase),1,0,0
S01.318,marapsin-2,1,0,0
C02.972,androglobin,1,0,0
S01.189,complement component C1r-like peptidase,1,0,1
I08.951,mucin-5AC,1,0,0
S01.011,testisin,1,1,0
M14.027,cytosolic carboxypeptidase 6,1,0,0
C01.973,tubulointerstitial nephritis antigen,1,0,1
M01.022,arginyl aminopeptidase-like 1,1,0,0
I25.067,fetuin-B domain 2,1,0,1
I25.950,kininogen inhibitor unit 1,1,0,1
P02.003,EGF-like module containing mucin-like hormone receptor-like 3,1,0,0
C78.002,UfSP2 peptidase,1,1,1
M48.003,farnesylated-protein converting enzyme 1,1,1,1
M12.235,ADAMTS10 peptidase,1,0,0
I08.UPW,family I8 unassigned peptidase inhibitors,1,1,1
I04.953,angiotensinogen,1,0,1
I43.001,oprin,1,1,0
S33.986,NDRG4 protein,1,0,0
S01.974,haptoglobin-related protein,1,1,1
I04.013,serpin B8,1,1,1
M10.006,matrix metallopeptidase-10 ({Homo sapiens}-type),1,0,0
M12.956,ADAM7 protein,1,1,1
C97.001,desumoylating isopeptidase 1,1,1,1
T03.017,gamma-glutamyltransferase-like protein 3,1,1,1
M12.979,ADAM23 protein,1,1,1
C19.069,ubiquitin-specific peptidase 40,1,0,0
S01.034,"transmembrane peptidase, serine 4",1,0,0
M10.023,membrane-type matrix metallopeptidase-5,1,0,1
M24.028,mitochondrial methionyl aminopeptidase,1,0,0
M10.026,matrix metallopeptidase-21,1,0,0
I04.955,thyroxin-binding globulin,0,0,1
M20.021,cytosolic beta-alanyl-lysine dipeptidase,1,1,1
I01.060,SPINK13,0,0,1
C95.001,lysosomal 66.3 kDa protein ({Mus musculus}-type),0,1,1
M67.003,STAM-binding protein-like 1,0,1,0
M12.210,ADAM10 peptidase,1,1,1
I43.951,immunoglobulin alpha Fc receptor,0,1,1
S01.375,polyserase-3 unit 2,0,0,1
S01.072,matriptase-3,0,0,1
M14.029,cytosolic carboxypeptidase 2,0,0,1
S16.006,psLon peptidase,0,0,1
S01.134,myeloblastin,0,0,1
M10.007,matrix metallopeptidase-11,1,0,1
C86.002,ataxin-3-like peptidase,1,1,0
C56.972,phosphoribosylformylglycinamidine synthase,0,1,1
P02.006,cadherin EGF LAG seven-pass G-type receptor 2 precursor ({Homo sapiens}),0,0,1
S09.051,FLJ1 putative peptidase,1,1,1
C19.020,ubiquitin-specific peptidase 12,0,1,1
C19.052,ubiquitin-specific peptidase 46,0,1,1
I04.016,serpin B12,0,1,0
S01.979,protein Z,0,1,0
S33.987,NDRG3 protein,1,1,1
A28.002,nuclear receptor-interacting protein 3,0,1,0
I17.003,whey acidic protein-2,0,1,0
M14.012,metallocarboxypeptidase Z,0,1,0
S01.306,kallikrein-related peptidase 13,0,1,0
C14.P01,caspase-12 pseudogene ({Homo sapiens}),0,1,0
M12.246,ADAMTS20 peptidase ({Homo sapiens}-type),0,1,0
A22.004,signal peptide peptidase-like protein 2B,1,1,1
P02.036,polycystin-1,1,1,1
M50.001,site 2 peptidase,1,1,1
C64.004,trabid peptidase,1,1,1
C19.013,ubiquitin-specific peptidase 2,1,1,1
C19.012,ubiquitin-specific peptidase 13,1,1,1
I01.968,follistatin-related protein 3,1,1,1
S09.018,dipeptidyl-peptidase 8,1,1,1
S09.001,prolyl oligopeptidase,1,1,1
S60.972,serotransferrin precursor (domain 1),0,0,1
S60.975,serotransferrin precursor (domain 2),0,0,1
S79.002,NLRP1 self-cleaving protein,1,1,1
S01.140,chymase ({Homo sapiens}-type),0,0,1
C02.004,calpain-3,1,1,1
M28.018,Fxna peptidase,1,0,0
S54.951,RHBDD3 g.p. ({Homo sapiens}),1,1,1
M10.004,matrix metallopeptidase-9,0,0,1
I32.004,XIAP caspase inhibitor,1,1,1
S12.004,LACT-1 peptidase,1,1,1
S79.001,CARD8 self-cleaving protein,1,1,1
C121.002,Probable ubiquitin carboxyl-terminal hydrolase MINDY-4,1,1,1
C14.006,caspase-2,1,1,1
M28.973,transferrin receptor 2 protein,0,1,0
M14.951,aortic carboxypeptidase-like protein,1,1,1
I31.954,testican-2,1,1,1
I32.002,BIRC-2 protein,1,1,1
S01.146,granzyme K,0,1,0
M20.973,aminoacylase,0,0,1
I32.006,BIRC-6 protein,1,1,1
C54.004,autophagin-3,1,1,1
C115.002,FAM63B g.p. ({Homo sapiens}),1,1,1
T01.976,proteasome subunit alpha 1,1,1,1
I01.013,SPINK5 inhibitor unit 1,0,0,1
I01.028,SPINK5 inhibitor unit 10,0,0,1
I01.029,SPINK5 inhibitor unit 3,0,0,1
I01.030,SPINK5 inhibitor unit 4,0,0,1
I01.032,SPINK5 inhibitor unit 6,0,0,1
I01.044,SPINK5 inhibitor unit 15,0,0,1
I01.950,SPINK5 inhibitor unit 2,0,0,1
I01.951,SPINK5 inhibitor unit 5,0,0,1
I01.953,SPINK5 inhibitor unit 7,0,0,1
I01.954,SPINK5 inhibitor unit 8,0,0,1
I01.955,SPINK5 inhibitor unit 9,0,0,1
I01.957,SPINK5 inhibitor unit 11,0,0,1
I01.958,SPINK5 inhibitor unit 12,0,0,1
I01.959,SPINK5 inhibitor unit 13,0,0,1
I01.960,SPINK5 inhibitor unit 14,0,0,1
M14.028,cytosolic carboxypeptidase 1,1,1,1
C50.002,separase ({Homo sapiens}-type),1,1,1
C19.053,ubiquitin-specific peptidase 37,1,1,1
C69.003,secernin 1,1,0,1
M10.027,matrix metallopeptidase-22,1,1,1
C14.001,caspase-1,1,1,1
C48.009,SENP7 peptidase,1,1,1
M41.007,Afg3-like protein 2,1,1,1
S09.062,hypothetical protein,1,1,1
M12.244,ADAM33 peptidase,1,0,1
I02.975,9230105I15Rik protein ({Mus musculus}) and similar,0,0,1
I02.UPW,family I2 unassigned peptidase inhibitors,0,0,1
M20.006,carnosine dipeptidase I,0,1,1
I15.UNW,family I15 unassigned peptidase inhibitor homologues,1,1,1
M12.217,ADAM17 peptidase,1,1,1
C85.009,OTUD6B peptidase ({Homo sapiens}),1,1,1
C19.041,ubiquitin-specific peptidase 25,1,1,1
C19.021,ubiquitin-specific peptidase 16,1,1,1
M12.241,ADAMTS13 peptidase,1,0,0
M38.979,hypothetical protein like 5730457F11RIK,1,1,1
M48.017,metalloprotease-related protein-1,1,1,1
C85.004,OTUD1 peptidase ({Homo sapiens}),1,1,1
S01.277,HtrA1 peptidase ({Homo sapiens}-type),1,0,1
S26.010,signalase (animal) 21 kDa component,0,0,1
I02.009,hepatocyte growth factor activator inhibitor 2 inhibitor unit 1,1,1,1
I02.010,hepatocyte growth factor activator inhibitor 2 inhibitor unit 2,1,1,1
S01.160,kallikrein 1,1,0,1
S09.995,neuroligin 2,0,0,1
S01.284,HtrA3 peptidase,1,1,1
C19.107,ubiquitin-specific peptidase 32,1,1,1
M13.007,endothelin-converting enzyme-like 1 endopeptidase,0,1,1
C26.A36,ctps g.p. ({Brachydanio rerio}),1,1,1
C14.026,paracaspase,1,1,1
C01.037,cathepsin W,1,1,0
G05.002,RCE1 peptidase ({Homo sapiens}-type),1,1,1
I29.UPW,family I29 unassigned peptidase inhibitors,1,1,1
S26.A09,CG11110 protein ({Drosophila melanogaster}),1,1,1
S01.292,HAT-like putative peptidase 2,1,0,1
I04.004,protein C inhibitor,1,0,1
I04.002,alpha-1-antichymotrypsin,0,1,1
S01.139,granzyme M,0,1,0
M98.A03,TRPM8 channel-associated factor 2,1,0,1
M17.006,leucyl aminopeptidase-1 ({Caenorhabditis}-type),1,1,1
T01.013,proteasome subunit beta1i,1,1,1
C64.001,Cezanne peptidase,1,1,1
S01.258,trypsin-2 type A,0,0,1
T01.983,proteasome subunit beta 3,1,1,1
